DATASET,BOT_FOLDERS,BOT_RATIO,MERGED_DATASET,TYPE_SELECTION,TRAIN_RATE,TEST_RATE,VAL_RATE,MODEL,FEATURES,test_Accuracy,test_TN Rate,test_FP Rate,test_FN Rate,test_TP Rate,test_Precision,test_Recall,test_F1 Score,test_MCC,test_AUC,val_Accuracy,val_TN Rate,val_FP Rate,val_FN Rate,val_TP Rate,val_Precision,val_Recall,val_F1 Score,val_MCC,val_AUC,ccp_alpha,class_weight,criterion,max_depth,max_features,max_leaf_nodes,min_impurity_decrease,min_samples_leaf,min_samples_split,min_weight_fraction_leaf,random_state,splitter
cresci_2015,"[1, 1, 1]","[0.35, 0.65]",True,correlation,0.7,0.15,0.15,decision_tree,,0.984924623115578,0.3417085427135678,0.0100502512562814,0.0050251256281407,0.6432160804020101,0.9846153846153848,0.992248062015504,0.9884169884169884,0.966894260538591,0.9818383167220376,0.99,0.34,0.01,0.0,0.65,0.9848484848484848,1.0,0.9923664122137404,0.978115512968666,0.9857142857142858,0.0,,entropy,20,,,0.0,1,10,0.0,,random
cresci_2015,"[1, 1, 1]","[0.4, 0.6]",True,correlation,0.7,0.15,0.15,decision_tree,,0.9712643678160919,0.3735632183908046,0.028735632183908046,0.0,0.5977011494252874,0.9541284403669725,1.0,0.9765258215962441,0.9412631985327955,0.9916895604395604,0.9942857142857143,0.3942857142857143,0.005714285714285714,0.0,0.6,0.9905660377358491,1.0,0.9952606635071091,0.9881371839677032,0.9995918367346939,0.0,,entropy,20,,,0.0,1,10,0.0,,random
